{"molfile": "8_1.mol", "standard": 148.6097477747475, "total": 1.647274557813102}