{"molfile": "8_0.mol", "standard": 132.458373341, "total": 16.154879274306534}